variable	low_sound_avg_zscore	low_sound_std	high_sound_avg_zscore	high_sound_std	sound_T	sound_p_raw	sound_p_corrected	low_action_avg_zscore	low_action_std	high_action_avg_zscore	high_action_std	action_T	action_p_raw	action_p_corrected
word_length	8.5106	1.8057	7.8491	3.0306	1.9831	0.0485	0.12934	8.9831	1.8457	7.3125	2.5234	4.5826	1e-05	2e-05
log10_word_frequency_sdewac	2.8111	0.7504	2.9571	0.7313	-1.2527	0.21153	0.28204	2.7679	0.7646	2.9622	0.6708	-1.788	0.07529	0.15058
word_average_bigram_frequency	28866923.4201	15117649.4944	27691095.434	17401038.5638	0.4811	0.63086	0.63086	29091857.7147	14527362.9045	28160437.5286	16836989.9118	0.3701	0.71168	0.7634
word_average_trigram_frequency	3012172.3884	2515069.4043	2760073.5962	2672585.5872	0.6329	0.5274	0.60275	3715662.8986	3737353.9161	3084777.7981	3185266.6406	1.2105	0.22752	0.36403
old20_score	8.5106	1.8057	7.8491	3.0306	1.9831	0.0485	0.12934	8.9831	1.8457	7.3125	2.5234	4.5826	1e-05	2e-05
predicted_concreteness	1.7185	0.5428	1.5609	0.6517	1.7751	0.07715	0.1537	1.9632	0.336	1.9429	0.4688	0.3014	0.7634	0.7634
predicted_auditory	-1.1667	0.7577	1.2541	1.1925	-17.7735	0.0	0.0	-0.7477	1.2541	-0.8528	1.2132	0.5519	0.58165	0.7634
predicted_hand	0.7781	1.3892	0.4242	1.2323	1.6708	0.09606	0.1537	-0.158	0.5625	1.8985	0.9889	-14.9363	0.0	0.0
