variable	low_sound_avg_zscore	low_sound_std	high_sound_avg_zscore	high_sound_std	sound_T	sound_p_raw	sound_p_corrected	low_action_avg_zscore	low_action_std	high_action_avg_zscore	high_action_std	action_T	action_p_raw	action_p_corrected
word_length	7.8176	2.2614	7.875	3.0593	-0.142	0.8872	0.94562	7.5333	2.1484	7.6719	2.5803	-0.3212	0.74864	0.93656
log10_word_frequency_sdewac	2.8155	0.7315	3.0112	0.7224	-1.6336	0.10379	0.20758	2.9903	0.8732	2.9257	0.6128	0.4749	0.63574	0.93656
word_average_bigram_frequency	28142906.078	15449599.8729	27643801.079	17757742.7824	0.1901	0.84938	0.94562	27197914.4307	16475473.0098	28625225.0639	14658136.107	-0.5062	0.61363	0.93656
word_average_trigram_frequency	2920747.9769	2552411.7157	2774451.9221	2727171.9481	0.3437	0.73138	0.94562	3487012.8132	3907807.3364	3263959.928	3219890.055	0.3449	0.73073	0.93656
old20_score	3.3347	1.2368	3.349	1.3853	-0.0683	0.94562	0.94562	3.2025	1.2234	3.1844	1.2825	0.0798	0.93656	0.93656
predicted_concreteness	1.813	0.5926	1.5381	0.6736	2.7378	0.0067	0.0268	1.9839	0.3394	1.8531	0.3916	1.9652	0.05166	0.20666
predicted_auditory	-1.4349	0.6003	1.3361	1.2233	-21.5982	0.0	0.0	-0.9492	0.873	-0.9321	0.868	-0.1088	0.91355	0.93656
predicted_hand	0.8606	1.3663	0.4592	1.2583	1.8197	0.07019	0.18717	-0.2666	0.5104	2.1893	0.6808	-22.4288	0.0	0.0
