variable	low_sound_avg_zscore	low_sound_std	high_sound_avg_zscore	high_sound_std	sound_T	sound_p_raw	sound_p_corrected	low_action_avg_zscore	low_action_std	high_action_avg_zscore	high_action_std	action_T	action_p_raw	action_p_corrected
word_length	8.5575	1.8146	7.98	3.043	1.666	0.09712	0.19424	7.2468	2.1632	7.3047	2.5359	-0.1664	0.86803	0.86803
log10_word_frequency_sdewac	2.7855	0.7383	2.9616	0.7486	-1.4753	0.14155	0.22647	2.9883	0.8034	2.9623	0.6675	0.249	0.80363	0.86803
word_average_bigram_frequency	28079836.4514	14973721.7408	27552201.9622	17447457.6711	0.2104	0.83356	0.83356	25283443.2745	16101477.009	28608401.0433	16972384.8942	-1.3778	0.16977	0.67907
word_average_trigram_frequency	2940931.7943	2491222.2419	2721365.7988	2685408.8206	0.5372	0.59167	0.6762	3034952.6995	3645836.0404	3166809.4911	3200161.1858	-0.2696	0.78773	0.86803
old20_score	8.5575	1.8146	7.98	3.043	1.666	0.09712	0.19424	7.2468	2.1632	7.3047	2.5359	-0.1664	0.86803	0.86803
predicted_concreteness	1.7168	0.5463	1.5578	0.6671	1.7136	0.08801	0.19424	1.9715	0.3374	1.943	0.4643	0.4664	0.64145	0.86803
predicted_auditory	-1.1667	0.7611	1.2975	1.2136	-17.3249	0.0	0.0	-0.9697	0.788	-0.7988	1.2386	-1.0799	0.28145	0.75052
predicted_hand	0.7563	1.3972	0.486	1.2409	1.2295	0.2202	0.2936	-0.1534	0.575	1.9316	0.9675	-17.0896	0.0	0.0
