variable	low_sound_avg_zscore	low_sound_std	high_sound_avg_zscore	high_sound_std	sound_T	sound_p_raw	sound_p_corrected	low_action_avg_zscore	low_action_std	high_action_avg_zscore	high_action_std	action_T	action_p_raw	action_p_corrected
word_length	7.8512	2.2537	7.875	3.0593	-0.059	0.95303	0.9983	7.4915	2.1422	7.6557	2.617	-0.3723	0.71034	0.82937
log10_word_frequency_sdewac	2.8114	0.7453	3.0112	0.7224	-1.642	0.10205	0.2041	2.9942	0.8801	2.9268	0.6153	0.4837	0.62951	0.82937
word_average_bigram_frequency	27176241.4227	14773912.1788	27643801.079	17757742.7824	-0.1836	0.85449	0.9983	26975817.3871	16525201.4687	27980304.6223	14462669.2671	-0.3517	0.7257	0.82937
word_average_trigram_frequency	2731710.657	2426687.2213	2774451.9221	2727171.9481	-0.1041	0.91717	0.9983	3506095.7527	3938011.9938	2885875.1449	2657096.2015	1.0058	0.31656	0.82937
old20_score	3.3494	1.2348	3.349	1.3853	0.0021	0.9983	0.9983	3.1754	1.2158	3.1943	1.3033	-0.0811	0.93548	0.93548
predicted_concreteness	1.8152	0.5746	1.5381	0.6736	2.8184	0.00528	0.02111	1.9906	0.3383	1.8585	0.3829	1.9833	0.04966	0.19864
predicted_auditory	-1.4154	0.6063	1.3361	1.2233	-21.2788	0.0	0.0	-0.9419	0.8785	-0.8673	0.8253	-0.4759	0.63502	0.82937
predicted_hand	0.884	1.3473	0.4592	1.2583	1.9449	0.0531	0.14159	-0.2717	0.5132	2.2002	0.6838	-22.1547	0.0	0.0
