variable	low_sound_avg_zscore	low_sound_std	high_sound_avg_zscore	high_sound_std	sound_T	sound_p_raw	sound_p_corrected	low_action_avg_zscore	low_action_std	high_action_avg_zscore	high_action_std	action_T	action_p_raw	action_p_corrected
word_length	6.7869	2.3373	7.9818	3.054	-3.3744	0.00081	0.00216	6.7044	2.3777	7.5714	2.5168	-3.935	0.0001	0.00019
log10_word_frequency_sdewac	3.0047	0.7324	2.945	0.7212	0.5632	0.57363	0.81922	3.042	0.769	2.9543	0.6847	1.3262	0.1854	0.21188
word_average_bigram_frequency	26927353.7317	17141175.0326	27828931.0736	17096505.7923	-0.363	0.71682	0.81922	25305307.1452	16650003.3838	28037817.4079	16550945.8426	-1.8231	0.06888	0.09185
word_average_trigram_frequency	3129315.2921	3730399.3242	2819313.0593	2671522.4982	0.5924	0.55388	0.81922	2919225.0055	3666799.8571	3027700.6271	3179988.6531	-0.3477	0.7282	0.7282
old20_score	6.7869	2.3373	7.9818	3.054	-3.3744	0.00081	0.00216	6.7044	2.3777	7.5714	2.5168	-3.935	0.0001	0.00019
predicted_concreteness	1.6532	0.5517	1.6182	0.7045	0.4209	0.67405	0.81922	1.4847	0.5197	2.2734	0.4717	-17.5238	0.0	0.0
predicted_auditory	-1.0804	0.7547	1.2525	1.172	-19.5937	0.0	0.0	-0.7767	1.0196	-1.0686	0.9407	3.2838	0.0011	0.00175
predicted_hand	0.5195	1.3266	0.4829	1.2663	0.1911	0.84852	0.84852	-0.2943	0.6469	2.0293	0.8209	-35.2501	0.0	0.0
