variable	low_sound_avg_zscore	low_sound_std	high_sound_avg_zscore	high_sound_std	sound_T	sound_p_raw	sound_p_corrected	low_action_avg_zscore	low_action_std	high_action_avg_zscore	high_action_std	action_T	action_p_raw	action_p_corrected
word_length	8.522	1.8329	7.8462	3.0596	1.9755	0.0494	0.13173	8.9815	1.8608	7.2908	2.5392	4.4332	2e-05	4e-05
log10_word_frequency_sdewac	2.814	0.7528	2.9673	0.7346	-1.296	0.19625	0.26167	2.8085	0.7837	2.969	0.6756	-1.4111	0.15981	0.2557
word_average_bigram_frequency	28590985.6229	15086397.2503	27737394.7858	17564325.5909	0.3449	0.73047	0.73047	29559616.475	14900203.886	27973994.7787	16910716.9975	0.6018	0.548	0.62628
word_average_trigram_frequency	2952019.0069	2472568.4394	2702909.0629	2665873.4132	0.6268	0.53143	0.60735	3865305.247	3857358.3466	3034172.7312	3119293.4043	1.5469	0.12352	0.24704
old20_score	8.522	1.8329	7.8462	3.0596	1.9755	0.0494	0.13173	8.9815	1.8608	7.2908	2.5392	4.4332	2e-05	4e-05
predicted_concreteness	1.7173	0.5429	1.5564	0.6571	1.7867	0.07529	0.15058	1.9634	0.3352	1.9352	0.4701	0.4005	0.68921	0.68921
predicted_auditory	-1.1643	0.7624	1.2719	1.1969	-17.5761	0.0	0.0	-0.6615	1.2245	-0.8501	1.2087	0.9665	0.33501	0.44669
predicted_hand	0.7744	1.3917	0.4486	1.2313	1.5194	0.13002	0.20803	-0.1721	0.5626	1.8989	0.9942	-14.3729	0.0	0.0
