variable	low_sound_avg_zscore	low_sound_std	high_sound_avg_zscore	high_sound_std	sound_T	sound_p_raw	sound_p_corrected	low_action_avg_zscore	low_action_std	high_action_avg_zscore	high_action_std	action_T	action_p_raw	action_p_corrected
word_length	8.5509	1.8496	7.9184	3.0428	1.7789	0.07667	0.15334	7.1974	2.1338	7.2674	2.5216	-0.1884	0.85079	0.86202
log10_word_frequency_sdewac	2.7849	0.7489	2.9843	0.739	-1.6362	0.10328	0.16524	2.9982	0.8041	2.9783	0.6415	0.1741	0.86202	0.86202
word_average_bigram_frequency	28178212.8841	15041122.3396	27472573.7757	17615597.432	0.276	0.7828	0.7828	25234169.7466	16201293.1205	28795603.1685	15996342.6858	-1.397	0.16435	0.3287
word_average_trigram_frequency	2943112.7611	2501857.1484	2753671.518	2703037.0709	0.4553	0.64933	0.74209	3059772.0508	3663275.1384	3222720.6169	3354927.0581	-0.2936	0.76941	0.86202
old20_score	8.5509	1.8496	7.9184	3.0428	1.7789	0.07667	0.15334	7.1974	2.1338	7.2674	2.5216	-0.1884	0.85079	0.86202
predicted_concreteness	1.7272	0.5501	1.5471	0.6696	1.904	0.05825	0.15334	1.9694	0.3391	1.7432	0.4418	3.5973	0.00043	0.00171
predicted_auditory	-1.1622	0.7658	1.3182	1.2171	-17.1026	0.0	0.0	-0.9654	0.7923	-0.5986	1.3316	-2.083	0.03885	0.10359
predicted_hand	0.8015	1.3933	0.4676	1.2467	1.5029	0.13435	0.17913	-0.1604	0.5755	1.8044	1.0174	-14.7722	0.0	0.0
