variable	low_sound_avg_zscore	low_sound_std	high_sound_avg_zscore	high_sound_std	sound_T	sound_p_raw	sound_p_corrected	low_action_avg_zscore	low_action_std	high_action_avg_zscore	high_action_std	action_T	action_p_raw	action_p_corrected
word_length	7.3104	2.3885	8.0351	2.8095	-2.0857	0.03757	0.07041	6.9562	2.4312	7.6058	2.4433	-2.5921	0.00985	0.0197
log10_word_frequency_sdewac	2.9837	0.7099	2.9329	0.7334	0.5017	0.61611	0.70412	3.0414	0.7875	2.9486	0.6771	1.2686	0.20523	0.20523
word_average_bigram_frequency	27069715.743	16332932.7054	27211619.8198	16691014.069	-0.061	0.95139	0.95139	24296687.3615	16731508.0435	28233130.3156	16039401.0748	-2.3577	0.01882	0.03011
word_average_trigram_frequency	3073870.278	3338387.4402	2674385.456	2551112.5401	0.8655	0.38721	0.51629	2723110.2583	3471860.9107	3150950.3831	3146209.9408	-1.282	0.20052	0.20523
old20_score	7.3104	2.3885	8.0351	2.8095	-2.0857	0.03757	0.07041	6.9562	2.4312	7.6058	2.4433	-2.5921	0.00985	0.0197
predicted_concreteness	2.334	0.6209	1.8312	0.6896	5.6187	0.0	0.0	1.9704	0.3537	2.4034	0.7072	-6.787	0.0	0.0
predicted_auditory	-1.2837	0.7735	1.0352	1.1407	-19.6906	0.0	0.0	-0.8331	1.0894	-1.0641	1.1415	1.9979	0.04633	0.06177
predicted_hand	1.3932	1.293	1.0216	1.3106	2.0197	0.04401	0.07041	-0.1406	0.5786	2.0052	0.9368	-24.757	0.0	0.0
