variable	low_sound_avg_zscore	low_sound_std	high_sound_avg_zscore	high_sound_std	sound_T	sound_p_raw	sound_p_corrected	low_action_avg_zscore	low_action_std	high_action_avg_zscore	high_action_std	action_T	action_p_raw	action_p_corrected
word_length	7.5783	2.2342	7.875	3.0593	-0.7773	0.43764	0.64444	7.3636	2.1436	7.4667	2.5734	-0.2545	0.79951	0.93186
log10_word_frequency_sdewac	2.8924	0.7587	3.0112	0.7224	-0.9911	0.32249	0.64444	2.9985	0.8492	2.9701	0.6237	0.2265	0.82113	0.93186
word_average_bigram_frequency	26418633.8724	15724435.333	27643801.079	17757742.7824	-0.478	0.63303	0.72346	26062411.022	16217343.0924	28803531.0344	15900202.6339	-1.0048	0.31676	0.7349
word_average_trigram_frequency	2654313.2817	2491528.6891	2774451.9221	2727171.9481	-0.2977	0.76614	0.76614	3266607.0333	3794749.1616	3126349.3433	3108259.2504	0.2394	0.81115	0.93186
old20_score	3.2117	1.192	3.349	1.3853	-0.7019	0.48333	0.64444	3.122	1.2127	3.104	1.2526	0.0857	0.93186	0.93186
predicted_concreteness	1.7825	0.6259	1.5381	0.6736	2.4184	0.01623	0.06494	2.0035	0.3398	1.8048	0.4016	3.1248	0.00217	0.00866
predicted_auditory	-1.1525	0.7452	1.3361	1.2233	-18.4425	0.0	0.0	-0.9697	0.8434	-0.837	0.8801	-0.9042	0.36745	0.7349
predicted_hand	0.7828	1.3537	0.4592	1.2583	1.5185	0.13002	0.34672	-0.1827	0.5576	1.9137	0.9434	-15.6756	0.0	0.0
