variable	low_sound_avg_zscore	low_sound_std	high_sound_avg_zscore	high_sound_std	sound_T	sound_p_raw	sound_p_corrected	low_action_avg_zscore	low_action_std	high_action_avg_zscore	high_action_std	action_T	action_p_raw	action_p_corrected
word_length	7.2462	2.2571	7.875	3.0593	-1.6657	0.09679	0.22118	7.3636	2.1436	7.4667	2.5734	-0.2545	0.79951	0.82113
log10_word_frequency_sdewac	2.9199	0.7347	3.0112	0.7224	-0.7918	0.42906	0.54359	2.9985	0.8492	2.9701	0.6237	0.2265	0.82113	0.82113
word_average_bigram_frequency	25847577.9475	15631085.2635	27643801.079	17757742.7824	-0.7142	0.47564	0.54359	26062411.022	16217343.0924	28803531.0344	15900202.6339	-1.0048	0.31676	0.7349
word_average_trigram_frequency	2654665.2681	2467572.3206	2774451.9221	2727171.9481	-0.3033	0.7619	0.7619	3266607.0333	3794749.1616	3126349.3433	3108259.2504	0.2394	0.81115	0.82113
old20_score	7.2462	2.2571	7.875	3.0593	-1.6657	0.09679	0.22118	7.3636	2.1436	7.4667	2.5734	-0.2545	0.79951	0.82113
predicted_concreteness	1.6823	0.5523	1.5381	0.6736	1.6001	0.11059	0.22118	2.0035	0.3398	1.8048	0.4016	3.1248	0.00217	0.00866
predicted_auditory	-1.1033	0.7615	1.3361	1.2233	-18.2503	0.0	0.0	-0.9697	0.8434	-0.837	0.8801	-0.9042	0.36745	0.7349
predicted_hand	0.6104	1.3516	0.4592	1.2583	0.7176	0.47352	0.54359	-0.1827	0.5576	1.9137	0.9434	-15.6756	0.0	0.0
