variable	low_sound_avg_zscore	low_sound_std	high_sound_avg_zscore	high_sound_std	sound_T	sound_p_raw	sound_p_corrected	low_action_avg_zscore	low_action_std	high_action_avg_zscore	high_action_std	action_T	action_p_raw	action_p_corrected
word_length	7.0621	2.3542	8.0282	2.7679	-3.1712	0.0016	0.00319	6.7197	2.3236	7.6058	2.4433	-4.5401	1e-05	1e-05
log10_word_frequency_sdewac	2.9997	0.7193	2.9153	0.7164	0.9271	0.35427	0.40488	3.0337	0.7612	2.9486	0.6771	1.4488	0.14792	0.16905
word_average_bigram_frequency	26909975.3724	16588410.1906	26431377.9338	16201970.6707	0.2286	0.81929	0.81929	25276852.2763	16901490.0093	28233130.3156	16039401.0748	-2.1963	0.02845	0.03794
word_average_trigram_frequency	3100907.5749	3549196.5549	2672948.8066	2521428.572	0.9817	0.32662	0.40488	2937565.4073	3745801.4946	3150950.3831	3146209.9408	-0.7569	0.44943	0.44943
old20_score	7.0621	2.3542	8.0282	2.7679	-3.1712	0.0016	0.00319	6.7197	2.3236	7.6058	2.4433	-4.5401	1e-05	1e-05
predicted_concreteness	2.0178	0.7692	1.6812	0.7018	3.4918	0.00051	0.00206	1.5194	0.5358	2.4034	0.7072	-17.1408	0.0	0.0
predicted_auditory	-1.1868	0.7744	1.0925	1.1094	-21.9331	0.0	0.0	-0.7656	1.0335	-1.0641	1.1415	3.3459	0.00087	0.00139
predicted_hand	0.9296	1.4045	0.689	1.3747	1.3569	0.17533	0.28053	-0.2854	0.6498	2.0052	0.9368	-34.5147	0.0	0.0
