variable	low_sound_avg_zscore	low_sound_std	high_sound_avg_zscore	high_sound_std	sound_T	sound_p_raw	sound_p_corrected	low_action_avg_zscore	low_action_std	high_action_avg_zscore	high_action_std	action_T	action_p_raw	action_p_corrected
word_length	7.2462	2.2571	7.875	3.0593	-1.6657	0.09679	0.22118	7.3636	2.1436	7.3457	2.5296	0.0455	0.96378	0.96378
log10_word_frequency_sdewac	2.9199	0.7347	3.0112	0.7224	-0.7918	0.42906	0.54359	2.9985	0.8492	2.9692	0.6251	0.2385	0.81179	0.96378
word_average_bigram_frequency	25847577.9475	15631085.2635	27643801.079	17757742.7824	-0.7142	0.47564	0.54359	26062411.022	16217343.0924	28874577.7194	15551711.8497	-1.0624	0.28983	0.57965
word_average_trigram_frequency	2654665.2681	2467572.3206	2774451.9221	2727171.9481	-0.3033	0.7619	0.7619	3266607.0333	3794749.1616	3123797.8344	3163482.9635	0.2471	0.80516	0.96378
old20_score	7.2462	2.2571	7.875	3.0593	-1.6657	0.09679	0.22118	7.3636	2.1436	7.3457	2.5296	0.0455	0.96378	0.96378
predicted_concreteness	1.6823	0.5523	1.5381	0.6736	1.6001	0.11059	0.22118	2.0035	0.3398	1.7439	0.445	3.8755	0.00016	0.00064
predicted_auditory	-1.1033	0.7615	1.3361	1.2233	-18.2503	0.0	0.0	-0.9697	0.8434	-0.5614	1.3262	-2.1541	0.03288	0.08768
predicted_hand	0.6104	1.3516	0.4592	1.2583	0.7176	0.47352	0.54359	-0.1827	0.5576	1.7845	1.0301	-13.8447	0.0	0.0
