variable	low_sound_avg_zscore	low_sound_std	high_sound_avg_zscore	high_sound_std	sound_T	sound_p_raw	sound_p_corrected	low_action_avg_zscore	low_action_std	high_action_avg_zscore	high_action_std	action_T	action_p_raw	action_p_corrected
word_length	7.125	0.3886	7.375	2.7886	-0.6087	0.54416	0.70449	7.3125	0.6505	6.9583	0.7059	2.5294	0.01309	0.02094
log10_word_frequency_sdewac	3.0165	0.6337	2.946	0.7231	0.5026	0.61643	0.70449	3.0586	0.6206	2.8677	0.5322	1.6013	0.11266	0.15022
word_average_bigram_frequency	27796402.7975	15579375.9386	27198243.7796	17640312.4014	0.1742	0.86205	0.86205	29293423.8827	16113908.3957	28196497.9467	14970269.7885	0.3419	0.73318	0.73318
word_average_trigram_frequency	3263664.1908	3800505.9624	2737809.7656	2753418.1296	0.7682	0.44431	0.70449	3785109.3325	4043176.4985	3143502.9262	3244143.7814	0.8485	0.3983	0.4552
old20_score	7.125	0.3886	7.375	2.7886	-0.6087	0.54416	0.70449	7.3125	0.6505	6.9583	0.7059	2.5294	0.01309	0.02094
predicted_concreteness	1.9349	0.7298	1.5696	0.7044	2.4691	0.01535	0.0614	1.4301	0.4776	2.2319	0.524	-7.7522	0.0	0.0
predicted_auditory	-1.1022	0.8876	1.2091	1.1508	-10.903	0.0	0.0	-0.5172	1.1273	-1.0965	0.9976	2.6382	0.00976	0.02094
predicted_hand	0.9177	1.3389	0.5412	1.3	1.3832	0.16987	0.45298	-0.2491	0.6078	2.0665	0.9332	-14.2535	0.0	0.0
