variable	low_sound_avg_zscore	low_sound_std	high_sound_avg_zscore	high_sound_std	sound_T	sound_p_raw	sound_p_corrected	low_action_avg_zscore	low_action_std	high_action_avg_zscore	high_action_std	action_T	action_p_raw	action_p_corrected
word_length	8.125	1.0533	7.875	3.0593	0.5297	0.59756	0.91631	7.3958	1.879	7.5208	1.9789	-0.314	0.7542	0.9586
log10_word_frequency_sdewac	2.891	0.5595	3.0112	0.7224	-0.9018	0.36945	0.8931	2.9433	0.7781	2.9507	0.5857	-0.052	0.9586	0.9586
word_average_bigram_frequency	27292543.5433	14642615.538	27643801.079	17757742.7824	-0.1046	0.9169	0.9169	25717469.356	16192600.5505	29372623.9965	13625182.0998	-1.1841	0.23936	0.95743
word_average_trigram_frequency	2875940.039	2556917.9735	2774451.9221	2727171.9481	0.1861	0.85275	0.9169	3460643.1112	4128778.6323	3363082.0304	3303486.4755	0.1265	0.89961	0.9586
old20_score	3.4354	0.4847	3.349	1.3853	0.4039	0.68723	0.91631	3.1385	1.0895	2.9979	0.9537	0.6658	0.50717	0.9586
predicted_concreteness	1.7122	0.5078	1.5381	0.6736	1.4149	0.16039	0.64155	1.9256	0.3089	1.8994	0.3521	0.3839	0.70193	0.9586
predicted_auditory	-1.601	0.6943	1.3361	1.2233	-14.3146	0.0	0.0	-0.8905	0.9254	-0.9996	0.9101	0.5758	0.56609	0.9586
predicted_hand	0.6585	1.2689	0.4592	1.2583	0.7644	0.44655	0.8931	-0.2671	0.5132	2.2421	0.7422	-19.0639	0.0	0.0
