variable	low_sound_avg_zscore	low_sound_std	high_sound_avg_zscore	high_sound_std	sound_T	sound_p_raw	sound_p_corrected	low_action_avg_zscore	low_action_std	high_action_avg_zscore	high_action_std	action_T	action_p_raw	action_p_corrected
word_length	7.7708	1.0456	7.875	3.0593	-0.2209	0.82566	0.8684	7.1458	1.8142	7.4167	1.8124	-0.7241	0.47083	0.84686
log10_word_frequency_sdewac	2.9894	0.5391	3.0112	0.7224	-0.1661	0.8684	0.8684	2.9648	0.7224	3.0003	0.5891	-0.2605	0.79501	0.84686
word_average_bigram_frequency	25825967.4456	13653943.4203	27643801.079	17757742.7824	-0.5564	0.57929	0.8684	23751888.3031	15650402.655	29160695.471	14241104.2181	-1.7524	0.08296	0.33186
word_average_trigram_frequency	2559869.7304	2326013.8658	2774451.9221	2727171.9481	-0.4104	0.68243	0.8684	3118294.7094	4089448.9752	3455782.0854	3317718.1333	-0.4394	0.66141	0.84686
old20_score	3.2417	0.4594	3.349	1.3853	-0.504	0.61546	0.8684	3.0031	1.0258	2.9479	0.843	0.2851	0.77623	0.84686
predicted_concreteness	1.6043	0.5191	1.5381	0.6736	0.5339	0.59466	0.8684	1.9416	0.3331	1.8808	0.3706	0.8378	0.40428	0.84686
predicted_auditory	-1.2608	0.9092	1.3361	1.2233	-11.6805	0.0	0.0	-0.9073	0.9142	-0.9445	0.9452	0.1937	0.84686	0.84686
predicted_hand	0.3992	1.2018	0.4592	1.2583	-0.2365	0.81357	0.8684	-0.2013	0.5919	2.0148	0.9465	-13.6092	0.0	0.0
