variable	low_sound_avg_zscore	low_sound_std	high_sound_avg_zscore	high_sound_std	sound_T	sound_p_raw	sound_p_corrected	low_action_avg_zscore	low_action_std	high_action_avg_zscore	high_action_std	action_T	action_p_raw	action_p_corrected
word_length	8.75	0.433	8.1875	2.9273	1.3032	0.19569	0.41349	7.4792	1.8256	7.9167	1.5523	-1.2516	0.21381	0.42763
log10_word_frequency_sdewac	2.7875	0.5192	2.915	0.7226	-0.9827	0.3283	0.52528	2.779	0.5835	2.813	0.6106	-0.2763	0.78291	0.78291
word_average_bigram_frequency	25990802.8415	14286496.8173	28609555.5856	17003754.1292	-0.8084	0.42091	0.56121	26090510.9362	16688397.5584	26983322.6696	12617774.7694	-0.2926	0.7705	0.78291
word_average_trigram_frequency	2734858.5269	2394055.4012	2829487.1654	2686853.6121	-0.1803	0.85733	0.85733	3433950.5654	4170471.716	2976218.0027	2751175.5574	0.6281	0.53147	0.78291
old20_score	8.75	0.433	8.1875	2.9273	1.3032	0.19569	0.41349	7.4792	1.8256	7.9167	1.5523	-1.2516	0.21381	0.42763
predicted_concreteness	1.6078	0.4691	1.5353	0.6646	0.6108	0.5428	0.62035	1.942	0.3131	2.0561	0.3366	-1.7019	0.09209	0.36835
predicted_auditory	-1.4068	0.8332	1.3281	1.2289	-12.6286	0.0	0.0	-0.9204	0.8526	-0.9833	1.0523	0.3184	0.7509	0.78291
predicted_hand	0.1641	1.1774	0.4829	1.2526	-1.2713	0.20675	0.41349	-0.1132	0.5938	2.1445	0.9438	-13.8808	0.0	0.0
