variable	low_sound_avg_zscore	low_sound_std	high_sound_avg_zscore	high_sound_std	sound_T	sound_p_raw	sound_p_corrected	low_action_avg_zscore	low_action_std	high_action_avg_zscore	high_action_std	action_T	action_p_raw	action_p_corrected
word_length	7.0	0.0	8.0417	1.8592	-3.8411	0.00022	0.00059	7.2917	0.7626	7.0625	0.6585	1.5593	0.12229	0.19566
log10_word_frequency_sdewac	2.9321	0.6484	2.7739	0.6802	1.1542	0.25133	0.40213	2.9831	0.7131	2.9332	0.6298	0.3599	0.71975	0.77151
word_average_bigram_frequency	28475415.51	15430793.7577	27544889.3858	15372381.0293	0.2929	0.77026	0.77026	29452405.8383	16852190.5378	28518461.7996	14118291.7956	0.2912	0.77151	0.77151
word_average_trigram_frequency	3481847.6458	3820938.5741	2916356.495	2602070.2093	0.8386	0.40381	0.53841	3897980.0156	4297403.2558	3099849.0135	3218201.4687	1.0192	0.31074	0.41432
old20_score	7.0	0.0	8.0417	1.8592	-3.8411	0.00022	0.00059	7.2917	0.7626	7.0625	0.6585	1.5593	0.12229	0.19566
predicted_concreteness	1.9435	0.7275	1.5949	0.6473	2.4546	0.01595	0.03189	1.5977	0.5255	2.2272	0.545	-5.6999	0.0	0.0
predicted_auditory	-1.0714	0.7005	1.0582	0.9548	-12.3285	0.0	0.0	-0.4867	0.9521	-1.137	0.982	3.2594	0.00155	0.00415
predicted_hand	0.877	1.3262	0.7303	1.2451	0.5528	0.58174	0.66485	-0.2022	0.683	1.8276	0.7734	-13.4858	0.0	0.0
