variable	low_sound_avg_zscore	low_sound_std	high_sound_avg_zscore	high_sound_std	sound_T	sound_p_raw	sound_p_corrected	low_action_avg_zscore	low_action_std	high_action_avg_zscore	high_action_std	action_T	action_p_raw	action_p_corrected
word_length	6.8125	0.6663	7.375	2.7886	-1.345	0.18185	0.29096	6.9583	1.4855	6.5208	1.2074	1.5668	0.12052	0.32138
log10_word_frequency_sdewac	3.0417	0.589	2.9218	0.7199	0.8835	0.37924	0.37924	3.0283	0.6772	2.9555	0.5818	0.5593	0.57727	0.57727
word_average_bigram_frequency	32503941.221	18682844.6758	26942834.1394	17552614.8468	1.4872	0.1403	0.29096	23892259.9329	16939707.1975	27292367.875	15191081.3978	-1.0245	0.30825	0.42779
word_average_trigram_frequency	4356870.9571	4700200.5142	2690062.5427	2728879.8506	2.1025	0.03818	0.15272	3314295.8442	4320689.4261	2663977.9735	2803022.4184	0.8657	0.38888	0.44444
old20_score	6.8125	0.6663	7.375	2.7886	-1.345	0.18185	0.29096	6.9583	1.4855	6.5208	1.2074	1.5668	0.12052	0.32138
predicted_concreteness	1.6984	0.5	1.563	0.7021	1.0769	0.28429	0.35795	1.9	0.3484	1.8098	0.3791	1.2017	0.2325	0.42779
predicted_auditory	-1.037	0.6872	1.19	1.1506	-11.3923	0.0	0.0	-0.9581	0.9702	-0.7266	1.2598	-0.998	0.32084	0.42779
predicted_hand	0.7924	1.2799	0.5214	1.3106	1.014	0.31321	0.35795	-0.1243	0.6272	1.9494	1.0436	-11.6759	0.0	0.0
