variable	low_sound_avg_zscore	low_sound_std	high_sound_avg_zscore	high_sound_std	sound_T	sound_p_raw	sound_p_corrected	low_action_avg_zscore	low_action_std	high_action_avg_zscore	high_action_std	action_T	action_p_raw	action_p_corrected
word_length	7.0833	0.7862	7.875	3.0593	-1.7182	0.08905	0.23746	6.8542	1.6456	6.6458	1.3306	0.6749	0.50138	0.57301
log10_word_frequency_sdewac	2.9698	0.6426	3.0112	0.7224	-0.2935	0.7698	0.87977	3.0627	0.7495	2.9546	0.6162	0.7638	0.44691	0.57301
word_average_bigram_frequency	27657873.8088	15725348.0943	27643801.079	17757742.7824	0.0041	0.99676	0.99676	24108614.4481	16110394.2914	29294792.2773	15357545.0702	-1.5974	0.11353	0.22706
word_average_trigram_frequency	2558382.5873	2482073.9062	2774451.9221	2727171.9481	-0.4017	0.68882	0.87977	3211521.3233	4167859.7416	2829946.9717	2785177.539	0.5219	0.603	0.603
old20_score	7.0833	0.7862	7.875	3.0593	-1.7182	0.08905	0.23746	6.8542	1.6456	6.6458	1.3306	0.6749	0.50138	0.57301
predicted_concreteness	1.6405	0.5298	1.5381	0.6736	0.8188	0.41496	0.82993	1.9751	0.3386	1.7971	0.4158	2.2756	0.02514	0.10056
predicted_auditory	-1.0946	0.9052	1.3361	1.2233	-10.9504	0.0	0.0	-0.932	0.9397	-0.5304	1.2426	-1.7674	0.0804	0.21441
predicted_hand	0.6299	1.3132	0.4592	1.2583	0.6431	0.52173	0.83477	-0.1853	0.5929	1.824	1.0783	-11.1943	0.0	0.0
