variable	low_sound_avg_zscore	low_sound_std	high_sound_avg_zscore	high_sound_std	sound_T	sound_p_raw	sound_p_corrected	low_action_avg_zscore	low_action_std	high_action_avg_zscore	high_action_std	action_T	action_p_raw	action_p_corrected
word_length	7.0833	0.5336	7.2292	1.8846	-0.5104	0.61094	0.70629	7.25	1.0508	6.9583	0.7348	1.5595	0.12225	0.25466
log10_word_frequency_sdewac	2.9621	0.6118	2.8681	0.713	0.6861	0.49432	0.70629	3.0271	0.7235	2.9354	0.5697	0.6827	0.49649	0.66199
word_average_bigram_frequency	26525216.9627	17260305.2315	25254129.1935	16519191.3038	0.3647	0.71613	0.71613	25514157.83	18339811.6167	30795559.9015	14752854.9025	-1.5383	0.12733	0.25466
word_average_trigram_frequency	3141677.5938	3839073.6315	2429346.0596	2536243.0561	1.0614	0.29125	0.70629	3785064.4412	4894108.9787	3541499.2298	3239899.4129	0.2845	0.77666	0.77666
old20_score	7.0833	0.5336	7.2292	1.8846	-0.5104	0.61094	0.70629	7.25	1.0508	6.9583	0.7348	1.5595	0.12225	0.25466
predicted_concreteness	1.6547	0.4643	1.5892	0.6261	0.5761	0.56592	0.70629	2.0317	0.3998	2.0625	0.4418	-0.3545	0.72377	0.77666
predicted_auditory	-1.0474	0.6718	1.1113	1.1569	-11.0622	0.0	0.0	-0.821	1.1143	-0.9829	0.9147	0.7697	0.44342	0.66199
predicted_hand	0.4977	1.2153	0.6307	1.358	-0.5003	0.618	0.70629	-0.1541	0.6609	1.987	0.9556	-12.6334	0.0	0.0
