variable	low_sound_avg_zscore	low_sound_std	high_sound_avg_zscore	high_sound_std	sound_T	sound_p_raw	sound_p_corrected	low_action_avg_zscore	low_action_std	high_action_avg_zscore	high_action_std	action_T	action_p_raw	action_p_corrected
word_length	8.7917	0.4061	8.0208	2.9895	1.7516	0.0831	0.19144	7.4792	1.8256	7.25	1.82	0.6095	0.54369	0.72977
log10_word_frequency_sdewac	2.7425	0.559	2.9702	0.7401	-1.6829	0.09572	0.19144	2.8009	0.6037	2.9407	0.6194	-1.1083	0.27056	0.72977
word_average_bigram_frequency	26535651.5675	14182947.6409	28014066.8752	17389839.7158	-0.4517	0.65255	0.74577	24972831.1185	16326521.8025	28121290.3433	13840045.1868	-1.0085	0.31581	0.72977
word_average_trigram_frequency	2696122.4502	2302584.144	2810590.1954	2701828.8645	-0.2211	0.82552	0.82552	3169048.5725	4136761.3727	3372587.0804	3344108.6274	-0.2623	0.79365	0.79365
old20_score	8.7917	0.4061	8.0208	2.9895	1.7516	0.0831	0.19144	7.4792	1.8256	7.25	1.82	0.6095	0.54369	0.72977
predicted_concreteness	1.6783	0.5041	1.5259	0.66	1.2584	0.21138	0.3382	1.9015	0.3083	1.8735	0.3434	0.4163	0.67817	0.77505
predicted_auditory	-1.4154	0.8278	1.3362	1.2232	-12.7723	0.0	0.0	-0.9221	0.8209	-0.8055	1.0389	-0.604	0.54733	0.72977
predicted_hand	0.3638	1.2328	0.4846	1.254	-0.4711	0.63867	0.74577	-0.1584	0.6107	2.0428	0.9023	-13.85	0.0	0.0
