variable	low_sound_avg_zscore	low_sound_std	high_sound_avg_zscore	high_sound_std	sound_T	sound_p_raw	sound_p_corrected	low_action_avg_zscore	low_action_std	high_action_avg_zscore	high_action_std	action_T	action_p_raw	action_p_corrected
word_length	8.7292	0.4444	8.25	2.8321	1.1459	0.25475	0.52111	8.625	1.6536	8.5	1.2076	0.4185	0.67652	0.9417
log10_word_frequency_sdewac	2.8421	0.5108	2.9152	0.7212	-0.5675	0.57176	0.65344	2.7593	0.7738	2.7777	0.6665	-0.1234	0.90204	0.9417
word_average_bigram_frequency	26363786.6163	13877316.3845	29922691.9867	16494274.3135	-1.1319	0.26056	0.52111	28819062.469	14959509.5763	27308879.4848	11857101.7952	0.5424	0.58884	0.9417
word_average_trigram_frequency	2834865.4921	2396116.2631	2922808.9431	2658892.9056	-0.1684	0.86659	0.86659	3866424.6302	4059890.0768	2951136.6048	2711375.445	1.2853	0.20184	0.80738
old20_score	8.7292	0.4444	8.25	2.8321	1.1459	0.25475	0.52111	8.625	1.6536	8.5	1.2076	0.4185	0.67652	0.9417
predicted_concreteness	1.6103	0.468	1.5204	0.6581	0.7628	0.44747	0.59663	1.9638	0.3341	1.9883	0.4137	-0.3169	0.75201	0.9417
predicted_auditory	-1.4333	0.8201	1.3465	1.2146	-13.0037	0.0	0.0	-0.9097	0.8058	-0.9241	1.0829	0.0733	0.9417	0.9417
predicted_hand	0.1631	1.1747	0.3612	1.1972	-0.8094	0.42034	0.59663	-0.1828	0.5753	1.9658	1.1312	-11.6067	0.0	0.0
