variable	low_sound_avg_zscore	low_sound_std	high_sound_avg_zscore	high_sound_std	sound_T	sound_p_raw	sound_p_corrected	low_action_avg_zscore	low_action_std	high_action_avg_zscore	high_action_std	action_T	action_p_raw	action_p_corrected
word_length	7.0833	0.2764	7.3542	1.8651	-0.9847	0.32728	0.43637	7.4167	0.493	7.0208	0.6288	3.3962	0.001	0.00201
log10_word_frequency_sdewac	3.0091	0.5764	2.8389	0.669	1.3219	0.18942	0.40099	2.9409	0.6137	2.8982	0.5539	0.3545	0.72378	0.72378
word_average_bigram_frequency	26227370.895	15277744.5579	25055902.3025	16209469.8337	0.3606	0.71924	0.82199	26417883.3492	17153915.7976	28573267.6404	14194253.6974	-0.6637	0.50853	0.67804
word_average_trigram_frequency	3363128.155	3856057.9743	2496979.0308	2519153.6529	1.2892	0.2005	0.40099	3428889.5796	4077708.1174	3061007.5896	3071100.6921	0.4941	0.62242	0.71134
old20_score	7.0833	0.2764	7.3542	1.8651	-0.9847	0.32728	0.43637	7.4167	0.493	7.0208	0.6288	3.3962	0.001	0.00201
predicted_concreteness	1.8383	0.6428	1.5572	0.6636	2.0853	0.03975	0.159	1.5161	0.5158	2.189	0.5478	-6.1307	0.0	0.0
predicted_auditory	-1.0304	0.7513	1.1954	1.1453	-11.1403	0.0	0.0	-0.517	1.1482	-1.0214	0.9427	2.3279	0.02206	0.0353
predicted_hand	0.6812	1.345	0.6511	1.3284	0.1091	0.91336	0.91336	-0.3518	0.6323	1.9797	0.9201	-14.3174	0.0	0.0
