variable	low_sound_avg_zscore	low_sound_std	high_sound_avg_zscore	high_sound_std	sound_T	sound_p_raw	sound_p_corrected	low_action_avg_zscore	low_action_std	high_action_avg_zscore	high_action_std	action_T	action_p_raw	action_p_corrected
word_length	7.0833	0.7862	7.875	3.0593	-1.7182	0.08905	0.23746	6.8542	1.6456	6.8542	1.541	0.0	1.0	1.0
log10_word_frequency_sdewac	2.9698	0.6426	3.0112	0.7224	-0.2935	0.7698	0.87977	3.0627	0.7495	3.0088	0.6041	0.3842	0.70172	0.97944
word_average_bigram_frequency	27657873.8088	15725348.0943	27643801.079	17757742.7824	0.0041	0.99676	0.99676	24108614.4481	16110394.2914	29315442.6871	15240735.1273	-1.6096	0.11084	0.44336
word_average_trigram_frequency	2558382.5873	2482073.9062	2774451.9221	2727171.9481	-0.4017	0.68882	0.87977	3211521.3233	4167859.7416	2902468.8042	2573955.995	0.4325	0.66635	0.97944
old20_score	7.0833	0.7862	7.875	3.0593	-1.7182	0.08905	0.23746	6.8542	1.6456	6.8542	1.541	0.0	1.0	1.0
predicted_concreteness	1.6405	0.5298	1.5381	0.6736	0.8188	0.41496	0.82993	1.9751	0.3386	1.8763	0.3665	1.3575	0.17789	0.47436
predicted_auditory	-1.0946	0.9052	1.3361	1.2233	-10.9504	0.0	0.0	-0.932	0.9397	-0.8674	0.9001	-0.34	0.73458	0.97944
predicted_hand	0.6299	1.3132	0.4592	1.2583	0.6431	0.52173	0.83477	-0.1853	0.5929	2.0247	1.006	-12.9746	0.0	0.0
