variable	low_sound_avg_zscore	low_sound_std	high_sound_avg_zscore	high_sound_std	sound_T	sound_p_raw	sound_p_corrected	low_action_avg_zscore	low_action_std	high_action_avg_zscore	high_action_std	action_T	action_p_raw	action_p_corrected
word_length	6.9792	0.4783	7.2292	1.8846	-0.8815	0.3803	0.63929	7.1667	1.0672	6.875	0.7253	1.5497	0.12458	0.25621
log10_word_frequency_sdewac	2.9647	0.6014	2.8681	0.713	0.71	0.47947	0.63929	3.0337	0.7212	2.9465	0.5743	0.6481	0.51847	0.79072
word_average_bigram_frequency	27807385.3879	16764291.948	25254129.1935	16519191.3038	0.7437	0.45889	0.63929	25438811.796	18406330.9418	30817282.239	15431026.3468	-1.5352	0.1281	0.25621
word_average_trigram_frequency	3264427.9138	3791598.6614	2429346.0596	2536243.0561	1.255	0.21258	0.63929	3804127.5752	4881460.2026	3363327.1829	3229094.5468	0.5163	0.60684	0.79072
old20_score	6.9792	0.4783	7.2292	1.8846	-0.8815	0.3803	0.63929	7.1667	1.0672	6.875	0.7253	1.5497	0.12458	0.25621
predicted_concreteness	1.6371	0.4924	1.5892	0.6261	0.4124	0.68098	0.68098	2.0319	0.3996	2.055	0.4403	-0.2661	0.79072	0.79072
predicted_auditory	-0.888	0.7078	1.1113	1.1569	-10.1061	0.0	0.0	-0.8637	1.0932	-0.9429	0.9088	0.3819	0.70341	0.79072
predicted_hand	0.4877	1.2524	0.6307	1.358	-0.5308	0.59678	0.68098	-0.148	0.6663	1.9405	0.9063	-12.7282	0.0	0.0
