variable	low_sound_avg_zscore	low_sound_std	high_sound_avg_zscore	high_sound_std	sound_T	sound_p_raw	sound_p_corrected	low_action_avg_zscore	low_action_std	high_action_avg_zscore	high_action_std	action_T	action_p_raw	action_p_corrected
word_length	8.5625	0.4961	8.6458	2.6809	-0.2095	0.83447	0.83447	8.0417	1.4994	8.375	1.0729	-1.2395	0.21826	0.58203
log10_word_frequency_sdewac	2.8115	0.4882	2.8403	0.6618	-0.2401	0.81079	0.83447	2.7967	0.6364	2.6978	0.6527	0.7439	0.45881	0.69935
word_average_bigram_frequency	27068604.7621	14218539.3288	29677115.5254	15395550.047	-0.8533	0.39565	0.83447	26017913.1925	16089991.5528	27279324.2352	12821879.7051	-0.4203	0.67521	0.77166
word_average_trigram_frequency	2981292.0531	2689545.1882	3108601.4221	2648584.5255	-0.2312	0.81765	0.83447	3636185.7185	4179051.6108	3053292.7387	3008891.9661	0.776	0.43969	0.69935
old20_score	8.5625	0.4961	8.6458	2.6809	-0.2095	0.83447	0.83447	8.0417	1.4994	8.375	1.0729	-1.2395	0.21826	0.58203
predicted_concreteness	1.7047	0.4566	1.63	0.7044	0.61	0.54333	0.83447	1.9397	0.331	1.9909	0.4382	-0.6388	0.52452	0.69935
predicted_auditory	-1.2598	0.8665	1.3371	1.1643	-12.2673	0.0	0.0	-1.1281	1.0281	-1.1542	1.0872	0.1194	0.90521	0.90521
predicted_hand	0.2925	1.2971	0.4929	1.2139	-0.7732	0.44136	0.83447	-0.0994	0.6064	2.0373	1.0632	-11.9677	0.0	0.0
