variable	low_sound_avg_zscore	low_sound_std	high_sound_avg_zscore	high_sound_std	sound_T	sound_p_raw	sound_p_corrected	low_action_avg_zscore	low_action_std	high_action_avg_zscore	high_action_std	action_T	action_p_raw	action_p_corrected
word_length	8.625	0.4841	8.3333	2.7639	0.7126	0.47785	0.75628	8.6042	1.5102	8.4792	1.1545	0.4508	0.65317	0.85617
log10_word_frequency_sdewac	2.8688	0.5298	2.8819	0.7057	-0.1019	0.91906	0.91906	2.6721	0.6586	2.7761	0.6615	-0.7638	0.44689	0.85617
word_average_bigram_frequency	27717307.8454	14234302.5642	29534820.9965	16379503.2634	-0.5742	0.56721	0.75628	28252081.5158	15150141.5381	27753441.899	11146028.656	0.1818	0.85617	0.85617
word_average_trigram_frequency	3045008.6654	2605665.4732	2929955.2	2665964.8346	0.2116	0.83289	0.91906	3761784.4258	4085078.5892	3081840.3148	2955206.5275	0.9245	0.35757	0.85617
old20_score	8.625	0.4841	8.3333	2.7639	0.7126	0.47785	0.75628	8.6042	1.5102	8.4792	1.1545	0.4508	0.65317	0.85617
predicted_concreteness	1.6167	0.4519	1.5479	0.6411	0.6011	0.54925	0.75628	1.9424	0.3213	2.0086	0.4177	-0.8625	0.39062	0.85617
predicted_auditory	-1.3923	0.8045	1.316	1.2214	-12.6953	0.0	0.0	-1.028	0.8865	-0.9792	1.1155	-0.2348	0.8149	0.85617
predicted_hand	0.1858	1.0609	0.3655	1.1924	-0.7718	0.44216	0.75628	-0.1676	0.5854	1.9618	1.1248	-11.5132	0.0	0.0
