variable	low_sound_avg_zscore	low_sound_std	high_sound_avg_zscore	high_sound_std	sound_T	sound_p_raw	sound_p_corrected	low_action_avg_zscore	low_action_std	high_action_avg_zscore	high_action_std	action_T	action_p_raw	action_p_corrected
word_length	8.0833	1.0574	7.875	3.0593	0.4412	0.66005	0.92224	7.2917	1.8704	7.2917	2.0812	0.0	1.0	1.0
log10_word_frequency_sdewac	2.9178	0.5667	3.0112	0.7224	-0.6974	0.48727	0.92224	2.9626	0.7848	2.9517	0.5807	0.0767	0.93905	1.0
word_average_bigram_frequency	26942054.4298	14256527.8954	27643801.079	17757742.7824	-0.2113	0.83314	0.92224	25106467.3144	16184084.7986	29079088.7715	14056160.8214	-1.2705	0.20703	0.75516
word_average_trigram_frequency	2827682.7967	2542548.2789	2774451.9221	2727171.9481	0.0979	0.92224	0.92224	3423708.2006	4146341.9341	2836159.8975	2521673.7727	0.83	0.40863	0.75516
old20_score	3.4062	0.4948	3.349	1.3853	0.267	0.79005	0.92224	3.0792	1.0749	2.926	0.9785	0.7222	0.47198	0.75516
predicted_concreteness	1.7116	0.5072	1.5381	0.6736	1.4107	0.16164	0.64655	1.9367	0.3061	1.8805	0.3687	0.8041	0.42334	0.75516
predicted_auditory	-1.5589	0.6862	1.3361	1.2233	-14.1498	0.0	0.0	-0.8958	0.9289	-0.9141	0.841	0.1003	0.92031	1.0
predicted_hand	0.6341	1.2373	0.4592	1.2583	0.6794	0.49853	0.92224	-0.2944	0.5308	2.2319	0.7342	-19.117	0.0	0.0
