variable	low_sound_avg_zscore	low_sound_std	high_sound_avg_zscore	high_sound_std	sound_T	sound_p_raw	sound_p_corrected	low_action_avg_zscore	low_action_std	high_action_avg_zscore	high_action_std	action_T	action_p_raw	action_p_corrected
word_length	8.125	1.0533	7.875	3.0593	0.5297	0.59756	0.91631	7.3958	1.9337	7.5417	2.1502	-0.3457	0.73032	0.83465
log10_word_frequency_sdewac	2.891	0.5595	3.0112	0.7224	-0.9018	0.36945	0.8931	2.8945	0.7467	2.9448	0.5671	-0.3677	0.71389	0.83465
word_average_bigram_frequency	27292543.5433	14642615.538	27643801.079	17757742.7824	-0.1046	0.9169	0.9169	25444761.5019	16538092.3699	28922985.5756	13302296.1174	-1.1235	0.26408	0.83465
word_average_trigram_frequency	2875940.039	2556917.9735	2774451.9221	2727171.9481	0.1861	0.85275	0.9169	3473390.5733	4199190.099	2973380.0873	2718033.8419	0.6853	0.49485	0.83465
old20_score	3.4354	0.4847	3.349	1.3853	0.4039	0.68723	0.91631	3.1323	1.0899	3.049	1.0171	0.3832	0.70242	0.83465
predicted_concreteness	1.7122	0.5078	1.5381	0.6736	1.4149	0.16039	0.64155	1.9531	0.3148	1.8847	0.3684	0.967	0.33603	0.83465
predicted_auditory	-1.601	0.6943	1.3361	1.2233	-14.3146	0.0	0.0	-0.884	0.9213	-0.9056	0.8394	0.1192	0.90539	0.90539
predicted_hand	0.6585	1.2689	0.4592	1.2583	0.7644	0.44655	0.8931	-0.2914	0.5324	2.2496	0.7319	-19.2484	0.0	0.0
